Skin,Count
Army Sheen,6
Candy Apple,6
Fade,6
Amber Fade,6
Tornado,5
Anodized Navy,5
Contractor,5
Sand Dune,5
Urban DDPAT,5
Carbon Fiber,5
Storm,5
Nitro,5
Asiimov,5
Silver,4
Dark Water,4
Fallout Warning,4
Rust Coat,4
Brass,4
VariCamo,4
Modern Hunter,4
Crimson Web,4
Cyrex,4
Hyper Beast,4
Black Sand,4
Capillary,4
Neo-Noir,4
Jungle Dashed,3
Night,3
Hot Rod,3
Bulldozer,3
Forest Leaves,3
Jungle,3
Indigo,3
Emerald,3
Palm,3
Predator,3
Blaze,3
Orange Peel,3
Safari Mesh,3
Gunsmoke,3
Colony,3
Groundwater,3
CaliCamo,3
Full Stop,3
Scorched,3
Irradiated Alert,3
Whiteout,3
Case Hardened,3
Hypnotic,3
Pulse,3
Urban Hazard,3
Cartel,3
Elite Build,3
Bloodsport,3
Mecha Industries,3
Oxide Blaze,3
Printstream,3
Green Plaid,2
First Class,2
Forest DDPAT,2
Bone Mask,2
Death Rattle,2
Green Apple,2
Tuxedo,2
Franklin,2
Radiation Hazard,2
Nuclear Garden,2
Chainmail,2
Desert Storm,2
Snake Camo,2
Sand Dashed,2
Boreal Forest,2
Sage Spray,2
Blue Spruce,2
Night Ops,2
Mudder,2
Teardown,2
Grassland,2
Blaze Orange,2
Gator Mesh,2
Nuclear Threat,2
Contrast Spray,2
Pink DDPAT,2
Seabird,2
Forest Night,2
Metallic DDPAT,2
Urban Rubble,2
Red Quartz,2
Safety Net,2
Prey,2
Midnight Palm,2
Moon in Libra,2
Pathfinder,2
Bengal Tiger,2
X-Ray,2
Ultraviolet,2
Memento,2
Orange DDPAT,2
Ocean Foam,2
Graphite,2
Blue Titanium,2
Blood Tiger,2
Hexane,2
Kami,2
Sandstorm,2
Redline,2
Guardian,2
Steel Disruption,2
Heaven Guard,2
Heat,2
Antique,2
Torque,2
Desert-Strike,2
Corticera,2
Wasteland Rebel,2
Man-o'-war,2
Valence,2
Eco,2
Neon Rider,2
Scumbria,2
Fuel Injector,2
Oceanic,2
Fubar,2
Briefing,2
Powercore,2
Flashback,2
Jungle Slipstream,2
Blueprint,2
Akoben,2
Fever Dream,2
Decimator,2
Aloha,2
Off World,2
Arctic Wolf,2
Moonrise,2
Momentum,2
Clear Polymer,2
Chromatic Aberration,2
Inlay,1
Submerged,1
Hieroglyph,1
Sunbaked,1
Snake Pit,1
Mud-Spec,1
Azure Glyph,1
Desert Tactical,1
Echoing Sands,1
Mummy's Rot,1
Steel Delta,1
Black Nile,1
Copper Coated,1
Ramese's Reach,1
Sobek's Bite,1
ScaraB Rush,1
Waters of Nephthys,1
Apep's Curse,1
Eye of Horus,1
Lush Ruins,1
Ancient Earth,1
Tall Grass,1
Panther Camo,1
Ancient Ritual,1
Dusk Ruins,1
Carved Jade,1
Blast From the Past,1
Ancient Lore,1
Gold Brick,1
Ancient Visions,1
Run and Hide,1
Panthera onca,1
Welcome to the Jungle,1
Caramel,1
Lichen Dashed,1
Jungle Spray,1
Jungle Tiger,1
Ossified,1
Olive Plaid,1
Traveler,1
Leather,1
Commuter,1
Coach Class,1
Business Class,1
Red Leather,1
Pilot,1
Jet Set,1
Caged Steel,1
Meteorite,1
Emerald Pinstripe,1
Lab Rats,1
Nuclear Waste,1
Contamination,1
Chemical Green,1
Hot Shot,1
Reactor,1
Setting Sun,1
Bone Machine,1
Toxic,1
Styx,1
Cerberus,1
Navy Murano,1
Canal Spray,1
Boroque Sand,1
Stone Mosaico,1
Baroque Purple,1
Orange Murano,1
Dark Filigree,1
Baroque Red,1
Orange Filigree,1
Violet Murano,1
Red Filigree,1
Baroque Orange,1
Stained Glass,1
Cinquedea,1
The Prince,1
Briar,1
Royal Blue,1
Dark Age,1
Hand Cannon,1
Chalice,1
Knight,1
Dragon Lore,1
Copperhead,1
Copper,1
Scorpion,1
Sand Spray,1
Sand Mesh,1
Damascus Steel,1
Walnut,1
Stained,1
Granite Marbleized,1
Pit Viper,1
Waves Perforated,1
Blue Steel,1
Cyanospatter,1
Cobalt Quartz,1
Grassland Leaves,1
Splash Jam,1
Hunting Blind,1
Tropical Storm,1
Winter Forest,1
Arctic Camo,1
Blizzard Marbleized,1
Detour,1
VariCamo Blue,1
Road Rash,1
Master Piece,1
Army Recon,1
Army Mesh,1
Condemned,1
Silver Quartz,1
Acid Fade,1
Bamboo Garden,1
Surfwood,1
Jungle Thicket,1
Dark Blossom,1
Sunset Lily,1
Rust Leaf,1
Banana Leaf,1
Teal Blossom,1
Crimson Blossom,1
Sundown,1
Day Lily,1
Midnight Lily,1
Sea Calico,1
Synth Leaf,1
Wild Lily,1
Wild Lotus,1
Urban Dashed,1
Polar Mesh,1
Polar Camo,1
Ash Wood,1
Urban Perforated,1
Glacier Mesh,1
Black Laminate,1
Demolition,1
Sweeper,1
Slide,1
Dirt Drop,1
Calf Skin,1
High Beam,1
Brake Light,1
Hand Brake,1
Check Engine,1
Converter,1
Vino Primo,1
Twin Turbo,1
Integrale,1
Mandrel,1
Facility Sketch,1
Facility Dark,1
Coolant,1
Facility Draft,1
Motherboard,1
Bulkhead,1
Cold Fusion,1
Mainframe,1
Exchanger,1
Facility Negative,1
Co-Processor,1
Acheron,1
Core Breach,1
Random Access,1
Remote Control,1
Control Panel,1
Desert Brush,1
Desert DDPAT,1
Bleached,1
Parched,1
Spalted Wood,1
Old Roots,1
Withered Vine,1
Black &amp; Tan,1
Quick Sand,1
New Roots,1
Orange Anolis,1
Red DDPAT,1
Death Strike,1
Gold Arabesque,1
Drought,1
Anolis,1
Navy Sheen,1
Sienna Damask,1
Drift Wood,1
Verdant Growth,1
Purple DDPAT,1
Music Box,1
Humidor,1
Desert Blossom,1
Elegant Vines,1
Sand Storm,1
Oxide Oasis,1
Fennec Fox,1
Desert Hydra,1
Sputnik,1
Fizzy POP,1
Spring Twilly,1
Syndicate,1
POP AWP,1
Space Race,1
Autumn Twilly,1
Propaganda,1
Meltdown,1
The Coalition,1
Gamma Doppler,1
Strats,1
Faulty Wiring,1
Blue Tire,1
Framework,1
Oil Change,1
Red Tire,1
Mechanism,1
Breaker Box,1
Green Laminate,1
Schematic,1
Interlock,1
Infrastructure,1
CAUTION!,1
Prism Terrace,1
Digital Architect,1
Fall Hazard,1
Hazard Pay,1
Imminent Danger,1
Impact Drill,1
Para Green,1
Duelist,1
Twilight Galaxy,1
Asterion,1
Daedalus,1
Hades,1
Sun in Leo,1
Shipping Forecast,1
Minotaur's Labyrinth,1
Pandora's Box,1
Chronos,1
Icarus Fell,1
Poseidon,1
Medusa,1
Bamboo Print,1
Bamboo Shadow,1
Bamboo Forest,1
Orange Kimono,1
Mint Kimono,1
Crimson Kimono,1
Midnight Storm,1
Aqua Terrace,1
Counter Terrace,1
Terrace,1
Neon Kimono,1
Sunset Storm 壱,1
Sunset Storm 弐,1
Daybreak,1
Hydroponic,1
Akihabara Accept,1
Jungle DDPAT,1
Dry Season,1
Anodized Gunmetal,1
Mayan Dreams,1
Mosaico,1
Facets,1
Hazard,1
Spitfire,1
Barricade,1
Night Borre,1
Red Stone,1
Moss Quartz,1
Pyre,1
Emerald Quartz,1
Copper Borre,1
Frost Borre,1
Astral Jörmungandr,1
Flame Jörmungandr,1
Emerald Jörmungandr,1
Mjölnir,1
Gungnir,1
Surveillance,1
Charter,1
Switch Board,1
The Bronze,1
Magna Carta,1
Dispatch,1
Threat Detected,1
Global Offensive,1
Prime Conspiracy,1
Crime Scene,1
Berries And Cherries,1
Target Acquired,1
Blue Phosphor,1
Heist,1
Clay Ambush,1
Phoenix Chalk,1
Vault Heist,1
Phoenix Marker,1
Houndstooth,1
Tiger Pit,1
Phoenix Stencil,1
Night Heist,1
Phoenix Blacklight,1
Hot Snakes,1
Silk Tiger,1
Skulls,1
Wings,1
Dragon Tattoo,1
Lightning Strike,1
Faded Zebra,1
Doomkitty,1
Splash,1
Red Laminate,1
BOOM,1
Death by Kitty,1
Tempest,1
Black Limba,1
Bone Pile,1
Wave Spray,1
Shattered,1
Demeter,1
Bright Water,1
Zirka,1
Graven,1
Overgrowth,1
Emerald Dragon,1
Golden Koi,1
Fire Serpent,1
Hive,1
Hemoglobin,1
Cold Blooded,1
Serum,1
Blood in the Water,1
Cobalt Halftone,1
Magma,1
Rising Skull,1
Rose Iron,1
Marina,1
Mehndi,1
The Kraken,1
Nightshade,1
Water Sigil,1
Ghost Camo,1
Azure Zebra,1
Blue Laminate,1
Blind Spot,1
Afterimage,1
Electric Hive,1
Cobalt Disruption,1
Red FragCam,1
Panther,1
Stainless,1
Blue Fissure,1
Tread Plate,1
Titanium Bit,1
Heirloom,1
Copper Galaxy,1
The Fuschia Is Now,1
Undertow,1
Victoria,1
Corporal,1
Terrain,1
Sergeant,1
Trigon,1
Chameleon,1
Isaac,1
Slashed,1
Retribution,1
Desert Warfare,1
Poison Dart,1
Twist,1
Module,1
Curse,1
Tatter,1
Atomic Alloy,1
Orion,1
Caiman,1
Vulcan,1
Howl,1
Ivory,1
Abyss,1
Labyrinth,1
Osiris,1
Tigris,1
Koi,1
Supernova,1
Conspiracy,1
Fowl Play,1
Water Elemental,1
Bratatat,1
Red Python,1
Blue Streak,1
Virus,1
Bloomstick,1
Bullet Rain,1
Jaguar,1
Murky,1
Firestarter,1
Dart,1
Delusion,1
Grinder,1
Basilisk,1
Griffin,1
Highwayman,1
Cardiac,1
Tranquility,1
Fire Elemental,1
Catacombs,1
System Lock,1
Deadly Poison,1
Grotto,1
Quicksilver,1
Urban Shock,1
Naga,1
Malachite,1
Serenity,1
龍王 (Dragon King),1
Muertos,1
Chatterbox,1
Armor Core,1
Bronze Deco,1
Origami,1
Worm God,1
Pole Position,1
Grand Prix,1
Monkey Business,1
Djinn,1
Rocket Pop,1
Bunsen Burner,1
Ranger,1
Riot,1
Neural Net,1
Evil Daimyo,1
Ruby Poison Dart,1
Loudmouth,1
Handgun,1
Yellow Jacket,1
Nemesis,1
Aquamarine Revenge,1
Dualing Dragons,1
Survivor Z,1
Wraiths,1
Rangeen,1
Cobalt Core,1
Green Marine,1
Stone Cold,1
Nebula Crusader,1
Special Delivery,1
Wingshot,1
Frontside Misty,1
Flux,1
Big Iron,1
Golden Coil,1
Kill Confirmed,1
Ricochet,1
Corinthian,1
Imperial,1
Yorick,1
Outbreak,1
Fuel Rod,1
Retrobution,1
Power Loader,1
Tiger Moth,1
Avalanche,1
Teclu Burner,1
Point Disarray,1
The Executioner,1
Shapewood,1
Royal Paladin,1
Photic Zone,1
Lapis Gator,1
Necropos,1
Jambiya,1
Lead Conduit,1
Triumvirate,1
Royal Legion,1
Praetorian,1
Impire,1
Kumicho Dragon,1
The Battlestar,1
Ventilators,1
Orange Crash,1
Spectre,1
Bioleak,1
Atlas,1
Firefight,1
Red Astor,1
Black Tie,1
Ghost Crusader,1
Re-Entry,1
Primal Saber,1
Fleet Flock,1
Chantico's Fire,1
Judgement of Anubis,1
Violent Daimyo,1
Carnivore,1
Exo,1
Iron Clad,1
Harvester,1
Aerial,1
Ice Cap,1
Aristocrat,1
Phobos,1
Chopper,1
Reboot,1
Limelight,1
Desolate Space,1
Imperial Dragon,1
Slipstream,1
Grim,1
Dazzle,1
Ventilator,1
Imprint,1
Triarch,1
Petroglyph,1
Weasel,1
Directive,1
Airlock,1
Syd Mead,1
Neon Revolution,1
Roll Cage,1
Turf,1
Sonar,1
Sand Scale,1
Cirrus,1
Ironwork,1
Polymer,1
Gila,1
Stinger,1
Royal Consorts,1
Wasteland Princess,1
Shallow Grave,1
Buzz Kill,1
Dragonfire,1
Ripple,1
Zander,1
Crimson Tsunami,1
Emerald Poison Dart,1
Last Dive,1
Scaffold,1
Seasons,1
Xiangliu,1
Macabre,1
Hard Water,1
Cut Out,1
Metal Flowers,1
Orbit Mk01,1
Woodsman,1
Red Rock,1
Death Grip,1
Death's Head,1
Cobra Strike,1
Sugar Rush,1
Hellfire,1
Oni Taiji,1
Morris,1
Triqua,1
Hunter,1
Cracked Opal,1
Goo,1
Phantom,1
Ziggy,1
Exposure,1
Tacticat,1
High Roller,1
Llama Cannon,1
Leaded Glass,1
The Empress,1
See Ya Later,1
Grip,1
Flame Test,1
Night Riot,1
Wild Six,1
Lionfish,1
SWAG-7,1
Cortex,1
Stymphalian,1
Mortis,1
Shred,1
Survivalist,1
Amber Slipstream,1
Snek-9,1
Traction,1
Warhawk,1
Toy Soldier,1
High Seas,1
PAW,1
Eye of Athena,1
Devourer,1
Nightmare,1
Code Red,1
Modest Threat,1
Wood Fired,1
Magnesium,1
Danger Close,1
Scavenger,1
Signal,1
Pipe Down,1
Nevermore,1
Phosphor,1
Crypsis,1
Uncharted,1
Whitefish,1
Mischief,1
Verdigris,1
Atheris,1
Bamboozle,1
Light Rail,1
Gauss,1
Skull Crusher,1
Incinegator,1
Angry Mob,1
The Emperor,1
Flash Out,1
Assault,1
Elite 1.6,1
Popdog,1
Classic Crate,1
Decommissioned,1
Sacrifice,1
Aztec,1
Buddy,1
Plastique,1
Inferno,1
Agent,1
Nostalgia,1
Death by Puppy,1
Hydra,1
Commemoration,1
Wildfire,1
Plume,1
Warbird,1
Torn,1
Acid Wash,1
Balance,1
Embargo,1
Obsidian,1
Neon Ply,1
Rat Rod,1
Bloodshot,1
Colony IV,1
Stalker,1
Containment Breach,1
Distressed,1
Prototype,1
Bone Forged,1
Desert Strike,1
Tom Cat,1
Blue Ply,1
Acid Etched,1
Enforcer,1
Apocalypto,1
Darkwing,1
Justice,1
Disco Tech,1
Phantom Disruptor,1
Player Two,1
Bullet Queen,1
Ol' Rusty,1
Ultralight,1
Gnarled,1
Cassette,1
Freight,1
Runic,1
Mainframe 001,1
Monster Call,1
Brother,1
Connexion,1
Kitbash,1
Allure,1
Entombed,1
Vogue,1
Tooth Fairy,1
Legion of Anubis,1
Digital Mesh,1
Deep Relief,1
Contaminant,1
Vendetta,1
Cocoa Rampage,1
Vandal,1
Condition Zero,1
Gold Bismuth,1
Dezastre,1
Parallax,1
Exoskeleton,1
Fairy Tale,1
Monster Mashup,1
Cyber Security,1
Oscillator,1
Windblown,1
O.S.I.P.R.,1
Circaetus,1
Junk Yard,1
Heavy Metal,1
dev_texture,1
Button Masher,1
Cyber Shell,1
Trigger Discipline,1
Slate,1
XOXO,1
Food Chain,1
In Living Color,1
The Traitor,1
Plague,1
Tread,1
Keeping Tabs,1
Guerrilla,1
Lumen,1
Black Lotus,1
Watchdog,1
BI83 Spectrum,1
ZX Spectron,1
Boost Protocol,1
Mount Fuji,1
Spider Lily,1
Toybox,1
Snack Attack,1
Turbo Peek,1
Leet Museo,1
Ocean Drive,1
Scrawl,1
Ensnared,1
Foresight,1
Necro Jr.,1
Lifted Spirits,1
Poultrygeist,1
Spirit Board,1
Space Cat,1
Dream Glade,1
Night Terror,1
Zombie Offensive,1
Ticket to Hell,1
Melondrama,1
Rapid Eye Movement,1
Abyssal Apparition,1
Nightwish,1
Starlight Protector,1
Drop Me,1
Destroyer,1
Roadblock,1
Monkeyflage,1
Meow 36,1
Winterized,1
Poly Mag,1
Downtown,1
Vent Rush,1
Flora Carnivora,1
Dragon Tech,1
Crazy 8,1
Visions,1
Kiss♥Love,1
Ice Coaled,1
Featherweight,1
Insomnia,1
Fragments,1
Re.built,1
Liquidation,1
Cyberforce,1
Rebel,1
Emphorosaur-S,1
Umbral Rabbit,1
Sakkaku,1
Banana Cannon,1
Neoqueen,1
Duality,1
Wild Child,1
Wicked Sick,1
Head Shot,1
Temukau,1
