Skin Family Name,Count,Link,Members
Inlay,1,https://csgostash.com/family/Inlay,R8 Revolver
Submerged,1,https://csgostash.com/family/Submerged,M249
Hieroglyph,1,https://csgostash.com/family/Hieroglyph,XM1014
Sunbaked,1,https://csgostash.com/family/Sunbaked,MP7
Snake Pit,1,https://csgostash.com/family/Snake+Pit,AUG
Mud-Spec,1,https://csgostash.com/family/Mud-Spec,M4A1-S
Azure Glyph,1,https://csgostash.com/family/Azure+Glyph,SSG 08
Desert Tactical,1,https://csgostash.com/family/Desert+Tactical,USP-S
Echoing Sands,1,https://csgostash.com/family/Echoing+Sands,MAC-10
Mummy's Rot,1,https://csgostash.com/family/Mummy's+Rot,Tec-9
Steel Delta,1,https://csgostash.com/family/Steel+Delta,AK-47
Black Nile,1,https://csgostash.com/family/Black+Nile,AWP
Copper Coated,1,https://csgostash.com/family/Copper+Coated,MAG-7
Ramese's Reach,1,https://csgostash.com/family/Ramese's+Reach,Glock-18
Sobek's Bite,1,https://csgostash.com/family/Sobek's+Bite,Nova
ScaraB Rush,1,https://csgostash.com/family/ScaraB+Rush,P90
Waters of Nephthys,1,https://csgostash.com/family/Waters+of+Nephthys,FAMAS
Apep's Curse,1,https://csgostash.com/family/Apep's+Curse,P250
Eye of Horus,1,https://csgostash.com/family/Eye+of+Horus,M4A4
Army Sheen,6,https://csgostash.com/family/Army+Sheen,"MP9, Nova, SCAR-20, CZ75-Auto, Negev, SG 553"
Lush Ruins,1,https://csgostash.com/family/Lush+Ruins,SG 553
Ancient Earth,1,https://csgostash.com/family/Ancient+Earth,P90
Jungle Dashed,3,https://csgostash.com/family/Jungle+Dashed,"SSG 08, CZ75-Auto, G3SG1"
Night,13,https://csgostash.com/family/Night,"Bowie Knife, Shadow Daggers, Falchion Knife, Butterfly Knife, Huntsman Knife, Karambit, M9 Bayonet, Bayonet, Flip Knife, Gut Knife, Desert Eagle, Glock-18, R8 Revolver"
Tall Grass,1,https://csgostash.com/family/Tall+Grass,MP7
Panther Camo,1,https://csgostash.com/family/Panther+Camo,P2000
Ancient Ritual,1,https://csgostash.com/family/Ancient+Ritual,G3SG1
Silver,4,https://csgostash.com/family/Silver,"P2000, CZ75-Auto, MAG-7, MAC-10"
Dark Water,4,https://csgostash.com/family/Dark+Water,"M4A1-S, USP-S, SSG 08, FAMAS"
Dusk Ruins,1,https://csgostash.com/family/Dusk+Ruins,Galil AR
Carved Jade,1,https://csgostash.com/family/Carved+Jade,AUG
Blast From the Past,1,https://csgostash.com/family/Blast+From+the+Past,Tec-9
Ancient Lore,1,https://csgostash.com/family/Ancient+Lore,XM1014
Gold Brick,1,https://csgostash.com/family/Gold+Brick,MAC-10
Ancient Visions,1,https://csgostash.com/family/Ancient+Visions,USP-S
Run and Hide,1,https://csgostash.com/family/Run+and+Hide,P90
Panthera onca,1,https://csgostash.com/family/Panthera+onca,AK-47
Welcome to the Jungle,1,https://csgostash.com/family/Welcome+to+the+Jungle,M4A1-S
Tornado,5,https://csgostash.com/family/Tornado,"M4A4, Galil AR, Tec-9, SG 553, MAC-10"
Caramel,1,https://csgostash.com/family/Caramel,UMP-45
Candy Apple,6,https://csgostash.com/family/Candy+Apple,"Glock-18, SG 553, PP-Bizon, Nova, MAC-10, Five-SeveN"
Hot Rod,3,https://csgostash.com/family/Hot+Rod,"M4A1-S, MP9, AUG"
Anodized Navy,5,https://csgostash.com/family/Anodized+Navy,"SG 553, MP7, AUG, Negev, Dual Berettas"
Bulldozer,3,https://csgostash.com/family/Bulldozer,"SG 553, MAG-7, MP9"
Fade,25,https://csgostash.com/family/Fade,"Nomad Knife, Paracord Knife, Survival Knife, Skeleton Knife, Classic Knife, Stiletto Knife, Ursus Knife, Navaja Knife, Talon Knife, Bowie Knife, Shadow Daggers, Falchion Knife, Butterfly Knife, Huntsman Knife, Bayonet, Flip Knife, Gut Knife, Karambit, M9 Bayonet, R8 Revolver, AWP, UMP-45, MP7, Glock-18, MAC-10"
Forest Leaves,3,https://csgostash.com/family/Forest+Leaves,"USP-S, PP-Bizon, Nova"
Jungle,3,https://csgostash.com/family/Jungle,"M249, XM1014, Five-SeveN"
Lichen Dashed,1,https://csgostash.com/family/Lichen+Dashed,SSG 08
Jungle Spray,1,https://csgostash.com/family/Jungle+Spray,AK-47
Jungle Tiger,1,https://csgostash.com/family/Jungle+Tiger,M4A4
Ossified,1,https://csgostash.com/family/Ossified,Tec-9
Contractor,5,https://csgostash.com/family/Contractor,"G3SG1, AUG, Dual Berettas, SCAR-20, Five-SeveN"
Olive Plaid,1,https://csgostash.com/family/Olive+Plaid,MP7
Green Plaid,2,https://csgostash.com/family/Green+Plaid,"CZ75-Auto, MP9"
Sand Dune,5,https://csgostash.com/family/Sand+Dune,"Glock-18, SSG 08, P250, Nova, MAG-7"
Traveler,1,https://csgostash.com/family/Traveler,SG 553
Leather,1,https://csgostash.com/family/Leather,P90
Commuter,1,https://csgostash.com/family/Commuter,MAC-10
Coach Class,1,https://csgostash.com/family/Coach+Class,P2000
First Class,2,https://csgostash.com/family/First+Class,"AK-47, Sawed-Off"
Business Class,1,https://csgostash.com/family/Business+Class,USP-S
Red Leather,1,https://csgostash.com/family/Red+Leather,XM1014
Pilot,1,https://csgostash.com/family/Pilot,Desert Eagle
Jet Set,1,https://csgostash.com/family/Jet+Set,AK-47
Urban DDPAT,5,https://csgostash.com/family/Urban+DDPAT,"Desert Eagle, M4A4, Tec-9, UMP-45, MAC-10"
Forest DDPAT,21,https://csgostash.com/family/Forest+DDPAT,"Skeleton Knife, Nomad Knife, Paracord Knife, Survival Knife, Classic Knife, Talon Knife, Stiletto Knife, Ursus Knife, Navaja Knife, Bowie Knife, Shadow Daggers, Falchion Knife, Butterfly Knife, Huntsman Knife, M9 Bayonet, Karambit, Bayonet, Flip Knife, Gut Knife, MP7, Sawed-Off"
Bone Mask,2,https://csgostash.com/family/Bone+Mask,"R8 Revolver, P250"
Carbon Fiber,5,https://csgostash.com/family/Carbon+Fiber,"SSG 08, MAG-7, UMP-45, SCAR-20, PP-Bizon"
Caged Steel,1,https://csgostash.com/family/Caged+Steel,Nova
Death Rattle,2,https://csgostash.com/family/Death+Rattle,"Glock-18, PP-Bizon"
Green Apple,2,https://csgostash.com/family/Green+Apple,"Nova, G3SG1"
Tuxedo,2,https://csgostash.com/family/Tuxedo,"Galil AR, CZ75-Auto"
Meteorite,1,https://csgostash.com/family/Meteorite,Desert Eagle
Emerald Pinstripe,1,https://csgostash.com/family/Emerald+Pinstripe,AK-47
Franklin,2,https://csgostash.com/family/Franklin,"P250, Glock-18"
Lab Rats,1,https://csgostash.com/family/Lab+Rats,MP5-SD
Nuclear Waste,1,https://csgostash.com/family/Nuclear+Waste,Negev
Contamination,1,https://csgostash.com/family/Contamination,P250
Radiation Hazard,2,https://csgostash.com/family/Radiation+Hazard,"M4A4, AUG"
Chemical Green,1,https://csgostash.com/family/Chemical+Green,PP-Bizon
Fallout Warning,4,https://csgostash.com/family/Fallout+Warning,"SG 553, XM1014, UMP-45, P90"
Hot Shot,1,https://csgostash.com/family/Hot+Shot,Five-SeveN
Reactor,1,https://csgostash.com/family/Reactor,Glock-18
Setting Sun,1,https://csgostash.com/family/Setting+Sun,MP9
Bone Machine,1,https://csgostash.com/family/Bone+Machine,XM1014
Nuclear Garden,2,https://csgostash.com/family/Nuclear+Garden,"Glock-18, MAC-10"
Toxic,1,https://csgostash.com/family/Toxic,Tec-9
Styx,1,https://csgostash.com/family/Styx,FAMAS
Cerberus,1,https://csgostash.com/family/Cerberus,Galil AR
Indigo,3,https://csgostash.com/family/Indigo,"CZ75-Auto, MAC-10, UMP-45"
Navy Murano,1,https://csgostash.com/family/Navy+Murano,AUG
Canal Spray,1,https://csgostash.com/family/Canal+Spray,R8 Revolver
Boroque Sand,1,https://csgostash.com/family/Boroque+Sand,Negev
Stone Mosaico,1,https://csgostash.com/family/Stone+Mosaico,SCAR-20
Baroque Purple,1,https://csgostash.com/family/Baroque+Purple,AK-47
Orange Murano,1,https://csgostash.com/family/Orange+Murano,Tec-9
Dark Filigree,1,https://csgostash.com/family/Dark+Filigree,P250
Emerald,3,https://csgostash.com/family/Emerald,"SCAR-20, Dual Berettas, CZ75-Auto"
Baroque Red,1,https://csgostash.com/family/Baroque+Red,P90
Orange Filigree,1,https://csgostash.com/family/Orange+Filigree,SSG 08
Violet Murano,1,https://csgostash.com/family/Violet+Murano,G3SG1
Red Filigree,1,https://csgostash.com/family/Red+Filigree,MAC-10
Baroque Orange,1,https://csgostash.com/family/Baroque+Orange,Nova
Stained Glass,1,https://csgostash.com/family/Stained+Glass,MP9
Cinquedea,1,https://csgostash.com/family/Cinquedea,MAG-7
The Prince,1,https://csgostash.com/family/The+Prince,AWP
Storm,5,https://csgostash.com/family/Storm,"P90, SCAR-20, MP9, MAG-7, AUG"
Briar,1,https://csgostash.com/family/Briar,Dual Berettas
Royal Blue,1,https://csgostash.com/family/Royal+Blue,USP-S
Rust Coat,18,https://csgostash.com/family/Rust+Coat,"Talon Knife, Stiletto Knife, Ursus Knife, Navaja Knife, Butterfly Knife, Falchion Knife, Huntsman Knife, Bowie Knife, Shadow Daggers, Karambit, M9 Bayonet, Bayonet, Flip Knife, Gut Knife, PP-Bizon, Nova, Sawed-Off, MAG-7"
Chainmail,2,https://csgostash.com/family/Chainmail,"P2000, MAG-7"
Dark Age,1,https://csgostash.com/family/Dark+Age,MP9
Hand Cannon,1,https://csgostash.com/family/Hand+Cannon,Desert Eagle
Chalice,1,https://csgostash.com/family/Chalice,CZ75-Auto
Knight,1,https://csgostash.com/family/Knight,M4A1-S
Dragon Lore,1,https://csgostash.com/family/Dragon+Lore,AWP
Desert Storm,2,https://csgostash.com/family/Desert+Storm,"M4A4, G3SG1"
Palm,3,https://csgostash.com/family/Palm,"MAC-10, Negev, SCAR-20"
Predator,3,https://csgostash.com/family/Predator,"AK-47, M249, Nova"
Snake Camo,2,https://csgostash.com/family/Snake+Camo,"AWP, Sawed-Off"
Copperhead,1,https://csgostash.com/family/Copperhead,AUG
Copper,1,https://csgostash.com/family/Copper,Sawed-Off
Blaze,3,https://csgostash.com/family/Blaze,"Desert Eagle, R8 Revolver, UMP-45"
Scorpion,1,https://csgostash.com/family/Scorpion,P2000
Brass,4,https://csgostash.com/family/Brass,"Glock-18, SCAR-20, PP-Bizon, Tec-9"
Sand Dashed,2,https://csgostash.com/family/Sand+Dashed,"PP-Bizon, MP9"
Sand Spray,1,https://csgostash.com/family/Sand+Spray,P90
Sand Mesh,1,https://csgostash.com/family/Sand+Mesh,SCAR-20
VariCamo,4,https://csgostash.com/family/VariCamo,"M4A1-S, G3SG1, Galil AR, Tec-9"
Orange Peel,3,https://csgostash.com/family/Orange+Peel,"MP9, Five-SeveN, MP7"
Safari Mesh,22,https://csgostash.com/family/Safari+Mesh,"Skeleton Knife, Nomad Knife, Survival Knife, Paracord Knife, Classic Knife, Talon Knife, Stiletto Knife, Ursus Knife, Navaja Knife, Bowie Knife, Shadow Daggers, Falchion Knife, Butterfly Knife, Huntsman Knife, Karambit, M9 Bayonet, Bayonet, Flip Knife, Gut Knife, AWP, AK-47, G3SG1"
Damascus Steel,15,https://csgostash.com/family/Damascus+Steel,"Talon Knife, Stiletto Knife, Ursus Knife, Navaja Knife, Butterfly Knife, Huntsman Knife, Bowie Knife, Falchion Knife, Shadow Daggers, Karambit, M9 Bayonet, Bayonet, Flip Knife, Gut Knife, SG 553"
Amber Fade,6,https://csgostash.com/family/Amber+Fade,"R8 Revolver, P2000, Galil AR, AUG, MAC-10, Sawed-Off"
Walnut,1,https://csgostash.com/family/Walnut,Nova
Gunsmoke,3,https://csgostash.com/family/Gunsmoke,"MP7, UMP-45, P250"
Colony,3,https://csgostash.com/family/Colony,"FAMAS, AUG, Dual Berettas"
Groundwater,3,https://csgostash.com/family/Groundwater,"Glock-18, Tec-9, MP7"
Stained,20,https://csgostash.com/family/Stained,"Skeleton Knife, Nomad Knife, Paracord Knife, Survival Knife, Classic Knife, Talon Knife, Stiletto Knife, Ursus Knife, Navaja Knife, Bowie Knife, Shadow Daggers, Falchion Knife, Butterfly Knife, Huntsman Knife, Karambit, M9 Bayonet, Bayonet, Flip Knife, Gut Knife, Dual Berettas"
Granite Marbleized,1,https://csgostash.com/family/Granite+Marbleized,P2000
Boreal Forest,21,https://csgostash.com/family/Boreal+Forest,"Skeleton Knife, Nomad Knife, Paracord Knife, Survival Knife, Classic Knife, Talon Knife, Stiletto Knife, Ursus Knife, Navaja Knife, Bowie Knife, Shadow Daggers, Falchion Knife, Butterfly Knife, Huntsman Knife, M9 Bayonet, Karambit, Bayonet, Flip Knife, Gut Knife, M4A1-S, P250"
CaliCamo,3,https://csgostash.com/family/CaliCamo,"FAMAS, XM1014, Negev"
Full Stop,3,https://csgostash.com/family/Full+Stop,"UMP-45, MP7, Sawed-Off"
Pit Viper,1,https://csgostash.com/family/Pit+Viper,AWP
Waves Perforated,1,https://csgostash.com/family/Waves+Perforated,SG 553
Sage Spray,2,https://csgostash.com/family/Sage+Spray,"Sawed-Off, Galil AR"
Blue Spruce,2,https://csgostash.com/family/Blue+Spruce,"SSG 08, XM1014"
Blue Steel,20,https://csgostash.com/family/Blue+Steel,"Skeleton Knife, Nomad Knife, Survival Knife, Paracord Knife, Classic Knife, Talon Knife, Stiletto Knife, Ursus Knife, Navaja Knife, Bowie Knife, Shadow Daggers, Falchion Knife, Butterfly Knife, Huntsman Knife, Karambit, M9 Bayonet, Bayonet, Flip Knife, Gut Knife, XM1014"
Cyanospatter,1,https://csgostash.com/family/Cyanospatter,FAMAS
Night Ops,2,https://csgostash.com/family/Night+Ops,"USP-S, PP-Bizon"
Mudder,2,https://csgostash.com/family/Mudder,"Desert Eagle, UMP-45"
Teardown,2,https://csgostash.com/family/Teardown,"P90, FAMAS"
Cobalt Quartz,1,https://csgostash.com/family/Cobalt+Quartz,Dual Berettas
Grassland,2,https://csgostash.com/family/Grassland,"P2000, XM1014"
Grassland Leaves,1,https://csgostash.com/family/Grassland+Leaves,P2000
Modern Hunter,4,https://csgostash.com/family/Modern+Hunter,"M4A4, Nova, PP-Bizon, P250"
Blaze Orange,2,https://csgostash.com/family/Blaze+Orange,"Nova, XM1014"
Splash Jam,1,https://csgostash.com/family/Splash+Jam,SCAR-20
Hunting Blind,1,https://csgostash.com/family/Hunting+Blind,Galil AR
Scorched,22,https://csgostash.com/family/Scorched,"Skeleton Knife, Nomad Knife, Paracord Knife, Survival Knife, Classic Knife, Talon Knife, Stiletto Knife, Ursus Knife, Navaja Knife, Bowie Knife, Shadow Daggers, Falchion Knife, Butterfly Knife, Huntsman Knife, Karambit, M9 Bayonet, Bayonet, Flip Knife, Gut Knife, MP7, UMP-45, P90"
Gator Mesh,2,https://csgostash.com/family/Gator+Mesh,"M249, SG 553"
Tropical Storm,1,https://csgostash.com/family/Tropical+Storm,SSG 08
Irradiated Alert,3,https://csgostash.com/family/Irradiated+Alert,"Sawed-Off, MAG-7, PP-Bizon"
Nuclear Threat,2,https://csgostash.com/family/Nuclear+Threat,"Tec-9, P250"
Contrast Spray,2,https://csgostash.com/family/Contrast+Spray,"M249, FAMAS"
Winter Forest,1,https://csgostash.com/family/Winter+Forest,Galil AR
Arctic Camo,1,https://csgostash.com/family/Arctic+Camo,G3SG1
Blizzard Marbleized,1,https://csgostash.com/family/Blizzard+Marbleized,M249
Whiteout,3,https://csgostash.com/family/Whiteout,"USP-S, P250, MP7"
Nitro,5,https://csgostash.com/family/Nitro,"M4A1-S, Five-SeveN, CZ75-Auto, MP5-SD, R8 Revolver"
Detour,1,https://csgostash.com/family/Detour,SSG 08
VariCamo Blue,1,https://csgostash.com/family/VariCamo+Blue,XM1014
Pink DDPAT,2,https://csgostash.com/family/Pink+DDPAT,"Glock-18, AWP"
Road Rash,1,https://csgostash.com/family/Road+Rash,USP-S
Master Piece,1,https://csgostash.com/family/Master+Piece,M4A1-S
Army Recon,1,https://csgostash.com/family/Army+Recon,MP7
Army Mesh,1,https://csgostash.com/family/Army+Mesh,Tec-9
Condemned,1,https://csgostash.com/family/Condemned,AUG
Silver Quartz,1,https://csgostash.com/family/Silver+Quartz,Five-SeveN
Acid Fade,1,https://csgostash.com/family/Acid+Fade,SSG 08
Bamboo Garden,1,https://csgostash.com/family/Bamboo+Garden,MP5-SD
Surfwood,1,https://csgostash.com/family/Surfwood,MAC-10
Seabird,2,https://csgostash.com/family/Seabird,"PP-Bizon, MAG-7"
Jungle Thicket,1,https://csgostash.com/family/Jungle+Thicket,Sawed-Off
Dark Blossom,1,https://csgostash.com/family/Dark+Blossom,M4A4
Sunset Lily,1,https://csgostash.com/family/Sunset+Lily,P90
Rust Leaf,1,https://csgostash.com/family/Rust+Leaf,Tec-9
Banana Leaf,1,https://csgostash.com/family/Banana+Leaf,XM1014
Teal Blossom,1,https://csgostash.com/family/Teal+Blossom,MP7
Crimson Blossom,1,https://csgostash.com/family/Crimson+Blossom,Five-SeveN
Sundown,1,https://csgostash.com/family/Sundown,FAMAS
Day Lily,1,https://csgostash.com/family/Day+Lily,UMP-45
Midnight Lily,1,https://csgostash.com/family/Midnight+Lily,AUG
Sea Calico,1,https://csgostash.com/family/Sea+Calico,SSG 08
Synth Leaf,1,https://csgostash.com/family/Synth+Leaf,Glock-18
Wild Lily,1,https://csgostash.com/family/Wild+Lily,MP9
Wild Lotus,1,https://csgostash.com/family/Wild+Lotus,AK-47
Urban Dashed,1,https://csgostash.com/family/Urban+Dashed,PP-Bizon
Polar Mesh,1,https://csgostash.com/family/Polar+Mesh,Nova
Forest Night,2,https://csgostash.com/family/Forest+Night,"P250, Five-SeveN"
Polar Camo,1,https://csgostash.com/family/Polar+Camo,G3SG1
Ash Wood,1,https://csgostash.com/family/Ash+Wood,P90
Metallic DDPAT,2,https://csgostash.com/family/Metallic+DDPAT,"MAG-7, P250"
Urban Rubble,2,https://csgostash.com/family/Urban+Rubble,"Desert Eagle, Galil AR"
Red Quartz,2,https://csgostash.com/family/Red+Quartz,"Nova, Tec-9"
Urban Perforated,1,https://csgostash.com/family/Urban+Perforated,XM1014
Glacier Mesh,1,https://csgostash.com/family/Glacier+Mesh,P90
Black Laminate,11,https://csgostash.com/family/Black+Laminate,"Butterfly Knife, Huntsman Knife, Bowie Knife, Falchion Knife, Shadow Daggers, Karambit, M9 Bayonet, Bayonet, Flip Knife, Gut Knife, AK-47"
Demolition,1,https://csgostash.com/family/Demolition,Dual Berettas
Sweeper,1,https://csgostash.com/family/Sweeper,AUG
Slide,1,https://csgostash.com/family/Slide,MP9
Dirt Drop,1,https://csgostash.com/family/Dirt+Drop,MP5-SD
Calf Skin,1,https://csgostash.com/family/Calf+Skin,MAC-10
High Beam,1,https://csgostash.com/family/High+Beam,Glock-18
Brake Light,1,https://csgostash.com/family/Brake+Light,Sawed-Off
Hand Brake,1,https://csgostash.com/family/Hand+Brake,SSG 08
Check Engine,1,https://csgostash.com/family/Check+Engine,USP-S
Converter,1,https://csgostash.com/family/Converter,M4A4
Vino Primo,1,https://csgostash.com/family/Vino+Primo,P250
Safety Net,2,https://csgostash.com/family/Safety+Net,"AK-47, Tec-9"
Twin Turbo,1,https://csgostash.com/family/Twin+Turbo,Dual Berettas
Integrale,1,https://csgostash.com/family/Integrale,SG 553
Mandrel,1,https://csgostash.com/family/Mandrel,Nova
Facility Sketch,1,https://csgostash.com/family/Facility+Sketch,PP-Bizon
Facility Dark,1,https://csgostash.com/family/Facility+Dark,UMP-45
Coolant,1,https://csgostash.com/family/Coolant,Five-SeveN
Facility Draft,1,https://csgostash.com/family/Facility+Draft,P250
Motherboard,1,https://csgostash.com/family/Motherboard,MP7
Bulkhead,1,https://csgostash.com/family/Bulkhead,Negev
Cold Fusion,1,https://csgostash.com/family/Cold+Fusion,Galil AR
Mainframe,1,https://csgostash.com/family/Mainframe,M4A4
Exchanger,1,https://csgostash.com/family/Exchanger,P250
Facility Negative,1,https://csgostash.com/family/Facility+Negative,P90
Co-Processor,1,https://csgostash.com/family/Co-Processor,MP5-SD
Acheron,1,https://csgostash.com/family/Acheron,AWP
Core Breach,1,https://csgostash.com/family/Core+Breach,MAG-7
Random Access,1,https://csgostash.com/family/Random+Access,AUG
Remote Control,1,https://csgostash.com/family/Remote+Control,Tec-9
Control Panel,1,https://csgostash.com/family/Control+Panel,M4A1-S
Desert Brush,1,https://csgostash.com/family/Desert+Brush,R8 Revolver
Desert DDPAT,1,https://csgostash.com/family/Desert+DDPAT,P90
Bleached,1,https://csgostash.com/family/Bleached,SG 553
Prey,2,https://csgostash.com/family/Prey,"MP7, SSG 08"
Parched,1,https://csgostash.com/family/Parched,Sawed-Off
Spalted Wood,1,https://csgostash.com/family/Spalted+Wood,AUG
Old Roots,1,https://csgostash.com/family/Old+Roots,MP9
Withered Vine,1,https://csgostash.com/family/Withered+Vine,Five-SeveN
Midnight Palm,2,https://csgostash.com/family/Midnight+Palm,"M249, CZ75-Auto"
Black &amp; Tan,0,https://csgostash.com/family/Black+&amp;+Tan,
Quick Sand,1,https://csgostash.com/family/Quick+Sand,Nova
New Roots,1,https://csgostash.com/family/New+Roots,G3SG1
Orange Anolis,1,https://csgostash.com/family/Orange+Anolis,USP-S
Red DDPAT,1,https://csgostash.com/family/Red+DDPAT,M4A4
Case Hardened,22,https://csgostash.com/family/Case+Hardened,"Skeleton Knife, Nomad Knife, Survival Knife, Paracord Knife, Classic Knife, Talon Knife, Stiletto Knife, Ursus Knife, Navaja Knife, Bowie Knife, Shadow Daggers, Falchion Knife, Butterfly Knife, Huntsman Knife, Karambit, M9 Bayonet, Bayonet, Flip Knife, Gut Knife, AK-47, Five-SeveN, MAC-10"
Death Strike,1,https://csgostash.com/family/Death+Strike,SSG 08
Gold Arabesque,1,https://csgostash.com/family/Gold+Arabesque,AK-47
Drought,1,https://csgostash.com/family/Drought,P250
Anolis,1,https://csgostash.com/family/Anolis,PP-Bizon
Navy Sheen,1,https://csgostash.com/family/Navy+Sheen,MAG-7
Sienna Damask,1,https://csgostash.com/family/Sienna+Damask,MAC-10
Drift Wood,1,https://csgostash.com/family/Drift+Wood,Dual Berettas
Verdant Growth,1,https://csgostash.com/family/Verdant+Growth,P90
Purple DDPAT,1,https://csgostash.com/family/Purple+DDPAT,USP-S
Music Box,1,https://csgostash.com/family/Music+Box,MP9
Humidor,1,https://csgostash.com/family/Humidor,M249
Desert Blossom,1,https://csgostash.com/family/Desert+Blossom,SG 553
Elegant Vines,1,https://csgostash.com/family/Elegant+Vines,XM1014
Sand Storm,1,https://csgostash.com/family/Sand+Storm,AUG
Oxide Oasis,1,https://csgostash.com/family/Oxide+Oasis,MP5-SD
Fennec Fox,1,https://csgostash.com/family/Fennec+Fox,Desert Eagle
Desert Hydra,1,https://csgostash.com/family/Desert+Hydra,AWP
Sputnik,1,https://csgostash.com/family/Sputnik,Desert Eagle
Fizzy POP,1,https://csgostash.com/family/Fizzy+POP,M4A1-S
Spring Twilly,1,https://csgostash.com/family/Spring+Twilly,SSG 08
Syndicate,1,https://csgostash.com/family/Syndicate,CZ75-Auto
POP AWP,1,https://csgostash.com/family/POP+AWP,AWP
Space Race,1,https://csgostash.com/family/Space+Race,P2000
Autumn Twilly,1,https://csgostash.com/family/Autumn+Twilly,MP5-SD
Propaganda,1,https://csgostash.com/family/Propaganda,MAC-10
Meltdown,1,https://csgostash.com/family/Meltdown,FAMAS
The Coalition,1,https://csgostash.com/family/The+Coalition,M4A4
Gamma Doppler,11,https://csgostash.com/family/Gamma+Doppler,"Huntsman Knife, Bowie Knife, Falchion Knife, Shadow Daggers, Butterfly Knife, Bayonet, Flip Knife, Gut Knife, M9 Bayonet, Karambit, Glock-18"
Strats,1,https://csgostash.com/family/Strats,MAC-10
Faulty Wiring,1,https://csgostash.com/family/Faulty+Wiring,FAMAS
Blue Tire,1,https://csgostash.com/family/Blue+Tire,XM1014
Framework,1,https://csgostash.com/family/Framework,CZ75-Auto
Oil Change,1,https://csgostash.com/family/Oil+Change,Dual Berettas
Red Tire,1,https://csgostash.com/family/Red+Tire,Glock-18
Mechanism,1,https://csgostash.com/family/Mechanism,UMP-45
Breaker Box,1,https://csgostash.com/family/Breaker+Box,PP-Bizon
Green Laminate,1,https://csgostash.com/family/Green+Laminate,AK-47
Schematic,1,https://csgostash.com/family/Schematic,P90
Interlock,1,https://csgostash.com/family/Interlock,Nova
Infrastructure,1,https://csgostash.com/family/Infrastructure,Negev
CAUTION!,1,https://csgostash.com/family/CAUTION!,Galil AR
Prism Terrace,1,https://csgostash.com/family/Prism+Terrace,MAG-7
Digital Architect,1,https://csgostash.com/family/Digital+Architect,P250
Fall Hazard,1,https://csgostash.com/family/Fall+Hazard,Five-SeveN
Hazard Pay,1,https://csgostash.com/family/Hazard+Pay,SG 553
Imminent Danger,1,https://csgostash.com/family/Imminent+Danger,M4A1-S
Impact Drill,1,https://csgostash.com/family/Impact+Drill,M249
Para Green,1,https://csgostash.com/family/Para+Green,USP-S
Duelist,1,https://csgostash.com/family/Duelist,Dual Berettas
Twilight Galaxy,1,https://csgostash.com/family/Twilight+Galaxy,Glock-18
Asterion,1,https://csgostash.com/family/Asterion,MP7
Daedalus,1,https://csgostash.com/family/Daedalus,AUG
Moon in Libra,2,https://csgostash.com/family/Moon+in+Libra,"Dual Berettas, Nova"
Hades,1,https://csgostash.com/family/Hades,Tec-9
Pathfinder,2,https://csgostash.com/family/Pathfinder,"USP-S, P2000"
Sun in Leo,1,https://csgostash.com/family/Sun+in+Leo,AWP
Shipping Forecast,1,https://csgostash.com/family/Shipping+Forecast,M249
Minotaur's Labyrinth,1,https://csgostash.com/family/Minotaur's+Labyrinth,UMP-45
Pandora's Box,1,https://csgostash.com/family/Pandora's+Box,MP9
Chronos,1,https://csgostash.com/family/Chronos,G3SG1
Icarus Fell,1,https://csgostash.com/family/Icarus+Fell,M4A1-S
Poseidon,1,https://csgostash.com/family/Poseidon,M4A4
Medusa,1,https://csgostash.com/family/Medusa,AWP
Bamboo Print,1,https://csgostash.com/family/Bamboo+Print,PP-Bizon
Bamboo Shadow,1,https://csgostash.com/family/Bamboo+Shadow,Sawed-Off
Bamboo Forest,1,https://csgostash.com/family/Bamboo+Forest,Tec-9
Orange Kimono,1,https://csgostash.com/family/Orange+Kimono,G3SG1
Mint Kimono,1,https://csgostash.com/family/Mint+Kimono,P250
Crimson Kimono,1,https://csgostash.com/family/Crimson+Kimono,P250
Midnight Storm,1,https://csgostash.com/family/Midnight+Storm,Desert Eagle
Aqua Terrace,1,https://csgostash.com/family/Aqua+Terrace,Galil AR
Counter Terrace,1,https://csgostash.com/family/Counter+Terrace,MAG-7
Terrace,1,https://csgostash.com/family/Terrace,Tec-9
Neon Kimono,1,https://csgostash.com/family/Neon+Kimono,Five-SeveN
Sunset Storm 壱,1,https://csgostash.com/family/Sunset+Storm+%E5%A3%B1,Desert Eagle
Sunset Storm 弐,1,https://csgostash.com/family/Sunset+Storm+%E5%BC%90,Desert Eagle
Daybreak,1,https://csgostash.com/family/Daybreak,M4A4
Hydroponic,1,https://csgostash.com/family/Hydroponic,AK-47
Akihabara Accept,1,https://csgostash.com/family/Akihabara+Accept,AUG
Jungle DDPAT,1,https://csgostash.com/family/Jungle+DDPAT,M249
Dry Season,1,https://csgostash.com/family/Dry+Season,MP9
Anodized Gunmetal,1,https://csgostash.com/family/Anodized+Gunmetal,Five-SeveN
Mayan Dreams,1,https://csgostash.com/family/Mayan+Dreams,SSG 08
Mosaico,1,https://csgostash.com/family/Mosaico,Sawed-Off
Facets,1,https://csgostash.com/family/Facets,P250
Hazard,1,https://csgostash.com/family/Hazard,MAG-7
Spitfire,1,https://csgostash.com/family/Spitfire,FAMAS
Barricade,1,https://csgostash.com/family/Barricade,SG 553
Night Borre,1,https://csgostash.com/family/Night+Borre,FAMAS
Red Stone,1,https://csgostash.com/family/Red+Stone,SSG 08
Moss Quartz,1,https://csgostash.com/family/Moss+Quartz,M4A1-S
Pyre,1,https://csgostash.com/family/Pyre,Dual Berettas
Emerald Quartz,1,https://csgostash.com/family/Emerald+Quartz,CZ75-Auto
Copper Borre,1,https://csgostash.com/family/Copper+Borre,MAC-10
Frost Borre,1,https://csgostash.com/family/Frost+Borre,XM1014
Astral Jörmungandr,1,https://csgostash.com/family/Astral+J%C3%B6rmungandr,P90
Flame Jörmungandr,1,https://csgostash.com/family/Flame+J%C3%B6rmungandr,AUG
Emerald Jörmungandr,1,https://csgostash.com/family/Emerald+J%C3%B6rmungandr,Desert Eagle
Mjölnir,1,https://csgostash.com/family/Mj%C3%B6lnir,Negev
Gungnir,1,https://csgostash.com/family/Gungnir,AWP
Surveillance,1,https://csgostash.com/family/Surveillance,AUG
Charter,1,https://csgostash.com/family/Charter,XM1014
Switch Board,1,https://csgostash.com/family/Switch+Board,Dual Berettas
The Bronze,1,https://csgostash.com/family/The+Bronze,Desert Eagle
Magna Carta,1,https://csgostash.com/family/Magna+Carta,SCAR-20
Dispatch,1,https://csgostash.com/family/Dispatch,P2000
Threat Detected,1,https://csgostash.com/family/Threat+Detected,SSG 08
Global Offensive,1,https://csgostash.com/family/Global+Offensive,M4A4
Prime Conspiracy,1,https://csgostash.com/family/Prime+Conspiracy,FAMAS
Crime Scene,1,https://csgostash.com/family/Crime+Scene,UMP-45
Berries And Cherries,1,https://csgostash.com/family/Berries+And+Cherries,Five-SeveN
Target Acquired,1,https://csgostash.com/family/Target+Acquired,USP-S
Blue Phosphor,1,https://csgostash.com/family/Blue+Phosphor,M4A1-S
Heist,1,https://csgostash.com/family/Heist,Dual Berettas
Clay Ambush,1,https://csgostash.com/family/Clay+Ambush,Sawed-Off
Phoenix Chalk,1,https://csgostash.com/family/Phoenix+Chalk,Tec-9
Vault Heist,1,https://csgostash.com/family/Vault+Heist,MP7
Phoenix Marker,1,https://csgostash.com/family/Phoenix+Marker,R8 Revolver
Houndstooth,1,https://csgostash.com/family/Houndstooth,UMP-45
Tiger Pit,1,https://csgostash.com/family/Tiger+Pit,P90
Phoenix Stencil,1,https://csgostash.com/family/Phoenix+Stencil,Negev
Night Heist,1,https://csgostash.com/family/Night+Heist,Desert Eagle
Bengal Tiger,2,https://csgostash.com/family/Bengal+Tiger,"AUG, P250"
Phoenix Blacklight,1,https://csgostash.com/family/Phoenix+Blacklight,Galil AR
Hypnotic,3,https://csgostash.com/family/Hypnotic,"Desert Eagle, MP9, SG 553"
Hot Snakes,1,https://csgostash.com/family/Hot+Snakes,MAC-10
Silk Tiger,1,https://csgostash.com/family/Silk+Tiger,AWP
X-Ray,3,https://csgostash.com/family/X-Ray,"M4A4, AK-47, P250"
Skulls,1,https://csgostash.com/family/Skulls,MP7
Ultraviolet,16,https://csgostash.com/family/Ultraviolet,"Talon Knife, Stiletto Knife, Ursus Knife, Navaja Knife, Butterfly Knife, Huntsman Knife, Falchion Knife, Bowie Knife, Shadow Daggers, Karambit, M9 Bayonet, Bayonet, Flip Knife, Gut Knife, MAC-10, SG 553"
Wings,1,https://csgostash.com/family/Wings,AUG
Dragon Tattoo,1,https://csgostash.com/family/Dragon+Tattoo,Glock-18
Lightning Strike,1,https://csgostash.com/family/Lightning+Strike,AWP
Faded Zebra,1,https://csgostash.com/family/Faded+Zebra,M4A4
Doomkitty,1,https://csgostash.com/family/Doomkitty,FAMAS
Memento,2,https://csgostash.com/family/Memento,"R8 Revolver, MAG-7"
Orange DDPAT,2,https://csgostash.com/family/Orange+DDPAT,"Galil AR, Sawed-Off"
Splash,1,https://csgostash.com/family/Splash,P250
Red Laminate,1,https://csgostash.com/family/Red+Laminate,AK-47
BOOM,1,https://csgostash.com/family/BOOM,AWP
Death by Kitty,1,https://csgostash.com/family/Death+by+Kitty,P90
Tempest,1,https://csgostash.com/family/Tempest,Nova
Black Limba,1,https://csgostash.com/family/Black+Limba,Dual Berettas
Bone Pile,1,https://csgostash.com/family/Bone+Pile,UMP-45
Wave Spray,1,https://csgostash.com/family/Wave+Spray,SG 553
Shattered,1,https://csgostash.com/family/Shattered,Galil AR
Demeter,1,https://csgostash.com/family/Demeter,G3SG1
Bright Water,11,https://csgostash.com/family/Bright+Water,"Butterfly Knife, Shadow Daggers, Huntsman Knife, Bowie Knife, Falchion Knife, Karambit, M9 Bayonet, Bayonet, Flip Knife, Gut Knife, M4A1-S"
Zirka,1,https://csgostash.com/family/Zirka,M4A4
Graven,1,https://csgostash.com/family/Graven,MAC-10
Overgrowth,1,https://csgostash.com/family/Overgrowth,USP-S
Emerald Dragon,1,https://csgostash.com/family/Emerald+Dragon,P90
Ocean Foam,2,https://csgostash.com/family/Ocean+Foam,"P2000, MP7"
Graphite,2,https://csgostash.com/family/Graphite,"AWP, Nova"
Golden Koi,1,https://csgostash.com/family/Golden+Koi,Desert Eagle
Fire Serpent,1,https://csgostash.com/family/Fire+Serpent,AK-47
Blue Titanium,2,https://csgostash.com/family/Blue+Titanium,"Galil AR, Tec-9"
Blood Tiger,2,https://csgostash.com/family/Blood+Tiger,"USP-S, M4A1-S"
Hexane,2,https://csgostash.com/family/Hexane,"CZ75-Auto, FAMAS"
Hive,1,https://csgostash.com/family/Hive,P250
Crimson Web,23,https://csgostash.com/family/Crimson+Web,"Skeleton Knife, Nomad Knife, Paracord Knife, Survival Knife, Classic Knife, Talon Knife, Stiletto Knife, Ursus Knife, Navaja Knife, Bowie Knife, Shadow Daggers, Falchion Knife, Butterfly Knife, Huntsman Knife, Karambit, M9 Bayonet, Bayonet, Flip Knife, Gut Knife, Desert Eagle, R8 Revolver, CZ75-Auto, SCAR-20"
Hemoglobin,1,https://csgostash.com/family/Hemoglobin,Dual Berettas
Cold Blooded,1,https://csgostash.com/family/Cold+Blooded,P90
Serum,1,https://csgostash.com/family/Serum,USP-S
Blood in the Water,1,https://csgostash.com/family/Blood+in+the+Water,SSG 08
Cobalt Halftone,1,https://csgostash.com/family/Cobalt+Halftone,PP-Bizon
Magma,1,https://csgostash.com/family/Magma,M249
Kami,2,https://csgostash.com/family/Kami,"Galil AR, Five-SeveN"
Sandstorm,2,https://csgostash.com/family/Sandstorm,"Tec-9, Galil AR"
Rising Skull,1,https://csgostash.com/family/Rising+Skull,Nova
Rose Iron,1,https://csgostash.com/family/Rose+Iron,MP9
Marina,1,https://csgostash.com/family/Marina,Dual Berettas
Pulse,3,https://csgostash.com/family/Pulse,"SG 553, FAMAS, P2000"
Redline,2,https://csgostash.com/family/Redline,"AK-47, AWP"
Mehndi,1,https://csgostash.com/family/Mehndi,P250
Guardian,2,https://csgostash.com/family/Guardian,"M4A1-S, USP-S"
The Kraken,1,https://csgostash.com/family/The+Kraken,Sawed-Off
Asiimov,5,https://csgostash.com/family/Asiimov,"AK-47, P90, AWP, M4A4, P250"
Nightshade,1,https://csgostash.com/family/Nightshade,Five-SeveN
Water Sigil,1,https://csgostash.com/family/Water+Sigil,PP-Bizon
Ghost Camo,1,https://csgostash.com/family/Ghost+Camo,Nova
Azure Zebra,1,https://csgostash.com/family/Azure+Zebra,G3SG1
Steel Disruption,2,https://csgostash.com/family/Steel+Disruption,"Glock-18, P250"
Blue Laminate,1,https://csgostash.com/family/Blue+Laminate,AK-47
Blind Spot,1,https://csgostash.com/family/Blind+Spot,P90
Afterimage,1,https://csgostash.com/family/Afterimage,FAMAS
Electric Hive,1,https://csgostash.com/family/Electric+Hive,AWP
Cobalt Disruption,1,https://csgostash.com/family/Cobalt+Disruption,Desert Eagle
Red FragCam,1,https://csgostash.com/family/Red+FragCam,P2000
Panther,1,https://csgostash.com/family/Panther,Dual Berettas
Stainless,1,https://csgostash.com/family/Stainless,USP-S
Blue Fissure,1,https://csgostash.com/family/Blue+Fissure,Glock-18
Tread Plate,1,https://csgostash.com/family/Tread+Plate,CZ75-Auto
Titanium Bit,1,https://csgostash.com/family/Titanium+Bit,Tec-9
Heirloom,1,https://csgostash.com/family/Heirloom,Desert Eagle
Copper Galaxy,1,https://csgostash.com/family/Copper+Galaxy,Five-SeveN
The Fuschia Is Now,1,https://csgostash.com/family/The+Fuschia+Is+Now,CZ75-Auto
Undertow,1,https://csgostash.com/family/Undertow,P250
Victoria,1,https://csgostash.com/family/Victoria,CZ75-Auto
Corporal,1,https://csgostash.com/family/Corporal,UMP-45
Terrain,1,https://csgostash.com/family/Terrain,Negev
Heaven Guard,2,https://csgostash.com/family/Heaven+Guard,"XM1014, MAG-7"
Heat,2,https://csgostash.com/family/Heat,"MAG-7, MAC-10"
Sergeant,1,https://csgostash.com/family/Sergeant,FAMAS
Trigon,1,https://csgostash.com/family/Trigon,P90
Antique,2,https://csgostash.com/family/Antique,"Nova, PP-Bizon"
Chameleon,1,https://csgostash.com/family/Chameleon,AUG
Isaac,1,https://csgostash.com/family/Isaac,Tec-9
Slashed,1,https://csgostash.com/family/Slashed,SSG 08
Retribution,1,https://csgostash.com/family/Retribution,Dual Berettas
Desert Warfare,1,https://csgostash.com/family/Desert+Warfare,P90
Poison Dart,1,https://csgostash.com/family/Poison+Dart,CZ75-Auto
Twist,1,https://csgostash.com/family/Twist,CZ75-Auto
Module,1,https://csgostash.com/family/Module,P90
Torque,2,https://csgostash.com/family/Torque,"AUG, USP-S"
Curse,1,https://csgostash.com/family/Curse,MAC-10
Tatter,1,https://csgostash.com/family/Tatter,MAC-10
Atomic Alloy,1,https://csgostash.com/family/Atomic+Alloy,M4A1-S
Cyrex,4,https://csgostash.com/family/Cyrex,"M4A1-S, SG 553, SCAR-20, USP-S"
Orion,1,https://csgostash.com/family/Orion,USP-S
Caiman,1,https://csgostash.com/family/Caiman,USP-S
Vulcan,1,https://csgostash.com/family/Vulcan,AK-47
Desert-Strike,2,https://csgostash.com/family/Desert-Strike,"M4A4, Negev"
Howl,1,https://csgostash.com/family/Howl,M4A4
Urban Hazard,3,https://csgostash.com/family/Urban+Hazard,"P2000, Five-SeveN, MP7"
Ivory,1,https://csgostash.com/family/Ivory,P2000
Abyss,1,https://csgostash.com/family/Abyss,SSG 08
Labyrinth,1,https://csgostash.com/family/Labyrinth,UMP-45
Osiris,1,https://csgostash.com/family/Osiris,PP-Bizon
Tigris,1,https://csgostash.com/family/Tigris,CZ75-Auto
Koi,1,https://csgostash.com/family/Koi,Nova
Supernova,1,https://csgostash.com/family/Supernova,P250
Conspiracy,1,https://csgostash.com/family/Conspiracy,Desert Eagle
Fowl Play,1,https://csgostash.com/family/Fowl+Play,Five-SeveN
Water Elemental,1,https://csgostash.com/family/Water+Elemental,Glock-18
Bratatat,1,https://csgostash.com/family/Bratatat,Negev
Red Python,1,https://csgostash.com/family/Red+Python,XM1014
Blue Streak,1,https://csgostash.com/family/Blue+Streak,PP-Bizon
Virus,1,https://csgostash.com/family/Virus,P90
Bloomstick,1,https://csgostash.com/family/Bloomstick,Nova
Corticera,2,https://csgostash.com/family/Corticera,"AWP, P2000"
Bullet Rain,1,https://csgostash.com/family/Bullet+Rain,M4A4
Jaguar,1,https://csgostash.com/family/Jaguar,AK-47
Murky,1,https://csgostash.com/family/Murky,G3SG1
Firestarter,1,https://csgostash.com/family/Firestarter,MAG-7
Dart,1,https://csgostash.com/family/Dart,MP9
Delusion,1,https://csgostash.com/family/Delusion,UMP-45
Grinder,1,https://csgostash.com/family/Grinder,Glock-18
Basilisk,1,https://csgostash.com/family/Basilisk,M4A1-S
Griffin,1,https://csgostash.com/family/Griffin,M4A4
Highwayman,1,https://csgostash.com/family/Highwayman,Sawed-Off
Cartel,3,https://csgostash.com/family/Cartel,"AK-47, P250, Dual Berettas"
Cardiac,1,https://csgostash.com/family/Cardiac,SCAR-20
Tranquility,1,https://csgostash.com/family/Tranquility,XM1014
Wasteland Rebel,2,https://csgostash.com/family/Wasteland+Rebel,"Glock-18, AK-47"
Fire Elemental,1,https://csgostash.com/family/Fire+Elemental,P2000
Catacombs,1,https://csgostash.com/family/Catacombs,Glock-18
System Lock,1,https://csgostash.com/family/System+Lock,M249
Deadly Poison,1,https://csgostash.com/family/Deadly+Poison,MP9
Grotto,1,https://csgostash.com/family/Grotto,SCAR-20
Quicksilver,1,https://csgostash.com/family/Quicksilver,XM1014
Urban Shock,1,https://csgostash.com/family/Urban+Shock,Dual Berettas
Naga,1,https://csgostash.com/family/Naga,Desert Eagle
Malachite,1,https://csgostash.com/family/Malachite,MAC-10
Serenity,1,https://csgostash.com/family/Serenity,Sawed-Off
龍王 (Dragon King),1,https://csgostash.com/family/%E9%BE%8D%E7%8E%8B+(Dragon+King),M4A4
Muertos,1,https://csgostash.com/family/Muertos,P250
Man-o'-war,2,https://csgostash.com/family/Man-o'-war,"AWP, Negev"
Chatterbox,1,https://csgostash.com/family/Chatterbox,Galil AR
Elite Build,3,https://csgostash.com/family/Elite+Build,"AWP, P90, AK-47"
Armor Core,1,https://csgostash.com/family/Armor+Core,MP7
Bronze Deco,1,https://csgostash.com/family/Bronze+Deco,Desert Eagle
Valence,2,https://csgostash.com/family/Valence,"FAMAS, P250"
Origami,1,https://csgostash.com/family/Origami,Sawed-Off
Worm God,1,https://csgostash.com/family/Worm+God,AWP
Pole Position,1,https://csgostash.com/family/Pole+Position,CZ75-Auto
Grand Prix,1,https://csgostash.com/family/Grand+Prix,UMP-45
Monkey Business,1,https://csgostash.com/family/Monkey+Business,Five-SeveN
Eco,2,https://csgostash.com/family/Eco,"Galil AR, CZ75-Auto"
Djinn,1,https://csgostash.com/family/Djinn,FAMAS
Hyper Beast,4,https://csgostash.com/family/Hyper+Beast,"Five-SeveN, AWP, M4A1-S, Nova"
Neon Rider,2,https://csgostash.com/family/Neon+Rider,"AK-47, MAC-10"
Rocket Pop,1,https://csgostash.com/family/Rocket+Pop,Galil AR
Bunsen Burner,1,https://csgostash.com/family/Bunsen+Burner,Glock-18
Ranger,1,https://csgostash.com/family/Ranger,Nova
Riot,1,https://csgostash.com/family/Riot,UMP-45
Neural Net,1,https://csgostash.com/family/Neural+Net,FAMAS
Evil Daimyo,1,https://csgostash.com/family/Evil+Daimyo,M4A4
Ruby Poison Dart,1,https://csgostash.com/family/Ruby+Poison+Dart,MP9
Loudmouth,1,https://csgostash.com/family/Loudmouth,Negev
Handgun,1,https://csgostash.com/family/Handgun,P2000
Yellow Jacket,1,https://csgostash.com/family/Yellow+Jacket,CZ75-Auto
Nemesis,1,https://csgostash.com/family/Nemesis,MP7
Aquamarine Revenge,1,https://csgostash.com/family/Aquamarine+Revenge,AK-47
Dualing Dragons,1,https://csgostash.com/family/Dualing+Dragons,Dual Berettas
Survivor Z,1,https://csgostash.com/family/Survivor+Z,FAMAS
Wraiths,1,https://csgostash.com/family/Wraiths,Glock-18
Rangeen,1,https://csgostash.com/family/Rangeen,MAC-10
Cobalt Core,1,https://csgostash.com/family/Cobalt+Core,MAG-7
Green Marine,1,https://csgostash.com/family/Green+Marine,SCAR-20
Scumbria,2,https://csgostash.com/family/Scumbria,"Five-SeveN, XM1014"
Stone Cold,1,https://csgostash.com/family/Stone+Cold,Galil AR
Nebula Crusader,1,https://csgostash.com/family/Nebula+Crusader,M249
Special Delivery,1,https://csgostash.com/family/Special+Delivery,MP7
Wingshot,1,https://csgostash.com/family/Wingshot,P250
Frontside Misty,1,https://csgostash.com/family/Frontside+Misty,AK-47
Flux,1,https://csgostash.com/family/Flux,G3SG1
Big Iron,1,https://csgostash.com/family/Big+Iron,SSG 08
Golden Coil,1,https://csgostash.com/family/Golden+Coil,M4A1-S
Kill Confirmed,1,https://csgostash.com/family/Kill+Confirmed,USP-S
Ricochet,1,https://csgostash.com/family/Ricochet,AUG
Corinthian,1,https://csgostash.com/family/Corinthian,Desert Eagle
Imperial,1,https://csgostash.com/family/Imperial,P2000
Yorick,1,https://csgostash.com/family/Yorick,Sawed-Off
Outbreak,1,https://csgostash.com/family/Outbreak,SCAR-20
Fuel Rod,1,https://csgostash.com/family/Fuel+Rod,PP-Bizon
Retrobution,1,https://csgostash.com/family/Retrobution,Five-SeveN
Power Loader,1,https://csgostash.com/family/Power+Loader,Negev
Tiger Moth,1,https://csgostash.com/family/Tiger+Moth,SG 553
Avalanche,1,https://csgostash.com/family/Avalanche,Tec-9
Teclu Burner,1,https://csgostash.com/family/Teclu+Burner,XM1014
Point Disarray,1,https://csgostash.com/family/Point+Disarray,AK-47
The Executioner,1,https://csgostash.com/family/The+Executioner,G3SG1
Shapewood,1,https://csgostash.com/family/Shapewood,P90
Royal Paladin,1,https://csgostash.com/family/Royal+Paladin,M4A4
Photic Zone,1,https://csgostash.com/family/Photic+Zone,PP-Bizon
Lapis Gator,1,https://csgostash.com/family/Lapis+Gator,MAC-10
Necropos,1,https://csgostash.com/family/Necropos,SSG 08
Jambiya,1,https://csgostash.com/family/Jambiya,Tec-9
Lead Conduit,1,https://csgostash.com/family/Lead+Conduit,USP-S
Triumvirate,1,https://csgostash.com/family/Triumvirate,Five-SeveN
Royal Legion,1,https://csgostash.com/family/Royal+Legion,Glock-18
Praetorian,1,https://csgostash.com/family/Praetorian,MAG-7
Impire,1,https://csgostash.com/family/Impire,MP7
Kumicho Dragon,1,https://csgostash.com/family/Kumicho+Dragon,Desert Eagle
The Battlestar,1,https://csgostash.com/family/The+Battlestar,M4A4
Fuel Injector,2,https://csgostash.com/family/Fuel+Injector,"AK-47, Tec-9"
Ventilators,1,https://csgostash.com/family/Ventilators,Dual Berettas
Orange Crash,1,https://csgostash.com/family/Orange+Crash,G3SG1
Spectre,1,https://csgostash.com/family/Spectre,M249
Bioleak,1,https://csgostash.com/family/Bioleak,MP9
Oceanic,2,https://csgostash.com/family/Oceanic,"MAC-10, P2000"
Atlas,1,https://csgostash.com/family/Atlas,SG 553
Fubar,2,https://csgostash.com/family/Fubar,"Tec-9, Sawed-Off"
Firefight,1,https://csgostash.com/family/Firefight,Galil AR
Red Astor,1,https://csgostash.com/family/Red+Astor,CZ75-Auto
Black Tie,1,https://csgostash.com/family/Black+Tie,XM1014
Ghost Crusader,1,https://csgostash.com/family/Ghost+Crusader,SSG 08
Re-Entry,1,https://csgostash.com/family/Re-Entry,Tec-9
Primal Saber,1,https://csgostash.com/family/Primal+Saber,UMP-45
Fleet Flock,1,https://csgostash.com/family/Fleet+Flock,AUG
Chantico's Fire,1,https://csgostash.com/family/Chantico's+Fire,M4A1-S
Judgement of Anubis,1,https://csgostash.com/family/Judgement+of+Anubis,PP-Bizon
Violent Daimyo,1,https://csgostash.com/family/Violent+Daimyo,Five-SeveN
Carnivore,1,https://csgostash.com/family/Carnivore,MAC-10
Exo,1,https://csgostash.com/family/Exo,Nova
Iron Clad,1,https://csgostash.com/family/Iron+Clad,P250
Harvester,1,https://csgostash.com/family/Harvester,PP-Bizon
Aerial,1,https://csgostash.com/family/Aerial,SG 553
Ice Cap,1,https://csgostash.com/family/Ice+Cap,Tec-9
Aristocrat,1,https://csgostash.com/family/Aristocrat,AUG
Phobos,1,https://csgostash.com/family/Phobos,AWP
Chopper,1,https://csgostash.com/family/Chopper,P90
Reboot,1,https://csgostash.com/family/Reboot,R8 Revolver
Limelight,1,https://csgostash.com/family/Limelight,Sawed-Off
Desolate Space,1,https://csgostash.com/family/Desolate+Space,M4A4
Imperial Dragon,1,https://csgostash.com/family/Imperial+Dragon,P2000
Bloodsport,3,https://csgostash.com/family/Bloodsport,"MP7, AK-47, SCAR-20"
Mecha Industries,3,https://csgostash.com/family/Mecha+Industries,"M4A1-S, Desert Eagle, FAMAS"
Slipstream,1,https://csgostash.com/family/Slipstream,XM1014
Briefing,2,https://csgostash.com/family/Briefing,"M4A1-S, UMP-45"
Grim,1,https://csgostash.com/family/Grim,P90
Dazzle,1,https://csgostash.com/family/Dazzle,Negev
Ventilator,1,https://csgostash.com/family/Ventilator,G3SG1
Imprint,1,https://csgostash.com/family/Imprint,CZ75-Auto
Triarch,1,https://csgostash.com/family/Triarch,SG 553
Powercore,2,https://csgostash.com/family/Powercore,"MP7, SCAR-20"
Petroglyph,1,https://csgostash.com/family/Petroglyph,MAG-7
Weasel,1,https://csgostash.com/family/Weasel,Glock-18
Directive,1,https://csgostash.com/family/Directive,Desert Eagle
Airlock,1,https://csgostash.com/family/Airlock,MP9
Syd Mead,1,https://csgostash.com/family/Syd+Mead,AUG
Neon Revolution,1,https://csgostash.com/family/Neon+Revolution,AK-47
Roll Cage,1,https://csgostash.com/family/Roll+Cage,FAMAS
Turf,1,https://csgostash.com/family/Turf,P2000
Sonar,1,https://csgostash.com/family/Sonar,MAG-7
Sand Scale,1,https://csgostash.com/family/Sand+Scale,MP9
Black Sand,4,https://csgostash.com/family/Black+Sand,"G3SG1, Sawed-Off, MP9, Galil AR"
Cirrus,1,https://csgostash.com/family/Cirrus,MP7
Ironwork,1,https://csgostash.com/family/Ironwork,Glock-18
Polymer,1,https://csgostash.com/family/Polymer,CZ75-Auto
Gila,1,https://csgostash.com/family/Gila,Nova
Flashback,2,https://csgostash.com/family/Flashback,"USP-S, M4A1-S"
Stinger,1,https://csgostash.com/family/Stinger,G3SG1
Royal Consorts,1,https://csgostash.com/family/Royal+Consorts,Dual Berettas
Wasteland Princess,1,https://csgostash.com/family/Wasteland+Princess,Sawed-Off
Shallow Grave,1,https://csgostash.com/family/Shallow+Grave,P90
Buzz Kill,1,https://csgostash.com/family/Buzz+Kill,M4A4
Dragonfire,1,https://csgostash.com/family/Dragonfire,SSG 08
Jungle Slipstream,2,https://csgostash.com/family/Jungle+Slipstream,"SCAR-20, PP-Bizon"
Blueprint,2,https://csgostash.com/family/Blueprint,"USP-S, SCAR-20"
Oxide Blaze,3,https://csgostash.com/family/Oxide+Blaze,"Glock-18, XM1014, Desert Eagle"
Capillary,3,https://csgostash.com/family/Capillary,"AWP, MP9, Five-SeveN"
Akoben,2,https://csgostash.com/family/Akoben,"Galil AR, MP7"
Ripple,1,https://csgostash.com/family/Ripple,P250
Zander,1,https://csgostash.com/family/Zander,Sawed-Off
Crimson Tsunami,1,https://csgostash.com/family/Crimson+Tsunami,Galil AR
Emerald Poison Dart,1,https://csgostash.com/family/Emerald+Poison+Dart,M249
Last Dive,1,https://csgostash.com/family/Last+Dive,MAC-10
Scaffold,1,https://csgostash.com/family/Scaffold,UMP-45
Seasons,1,https://csgostash.com/family/Seasons,XM1014
Fever Dream,2,https://csgostash.com/family/Fever+Dream,"AWP, SSG 08"
Xiangliu,1,https://csgostash.com/family/Xiangliu,CZ75-Auto
Decimator,2,https://csgostash.com/family/Decimator,"Tec-9, M4A1-S"
Neo-Noir,4,https://csgostash.com/family/Neo-Noir,"Glock-18, AWP, M4A4, USP-S"
Macabre,1,https://csgostash.com/family/Macabre,FAMAS
Aloha,2,https://csgostash.com/family/Aloha,"SG 553, MAC-10"
Hard Water,1,https://csgostash.com/family/Hard+Water,MAG-7
Cut Out,1,https://csgostash.com/family/Cut+Out,Tec-9
Metal Flowers,1,https://csgostash.com/family/Metal+Flowers,UMP-45
Orbit Mk01,1,https://csgostash.com/family/Orbit+Mk01,AK-47
Woodsman,1,https://csgostash.com/family/Woodsman,P2000
Red Rock,1,https://csgostash.com/family/Red+Rock,P250
Death Grip,1,https://csgostash.com/family/Death+Grip,P90
Death's Head,1,https://csgostash.com/family/Death's+Head,SSG 08
Cobra Strike,1,https://csgostash.com/family/Cobra+Strike,Dual Berettas
Sugar Rush,1,https://csgostash.com/family/Sugar+Rush,Galil AR
Hellfire,1,https://csgostash.com/family/Hellfire,M4A4
Oni Taiji,1,https://csgostash.com/family/Oni+Taiji,AWP
Morris,1,https://csgostash.com/family/Morris,Sawed-Off
Triqua,1,https://csgostash.com/family/Triqua,AUG
Hunter,1,https://csgostash.com/family/Hunter,G3SG1
Cracked Opal,1,https://csgostash.com/family/Cracked+Opal,Tec-9
Off World,2,https://csgostash.com/family/Off+World,"P90, Glock-18"
Goo,1,https://csgostash.com/family/Goo,MP9
Phantom,1,https://csgostash.com/family/Phantom,SG 553
Ziggy,1,https://csgostash.com/family/Ziggy,XM1014
Exposure,1,https://csgostash.com/family/Exposure,UMP-45
Tacticat,1,https://csgostash.com/family/Tacticat,CZ75-Auto
High Roller,1,https://csgostash.com/family/High+Roller,PP-Bizon
Llama Cannon,1,https://csgostash.com/family/Llama+Cannon,R8 Revolver
Leaded Glass,1,https://csgostash.com/family/Leaded+Glass,M4A1-S
The Empress,1,https://csgostash.com/family/The+Empress,AK-47
See Ya Later,1,https://csgostash.com/family/See+Ya+Later,P250
Grip,1,https://csgostash.com/family/Grip,R8 Revolver
Flame Test,1,https://csgostash.com/family/Flame+Test,Five-SeveN
Night Riot,1,https://csgostash.com/family/Night+Riot,PP-Bizon
Wild Six,1,https://csgostash.com/family/Wild+Six,Nova
Lionfish,1,https://csgostash.com/family/Lionfish,Negev
SWAG-7,1,https://csgostash.com/family/SWAG-7,MAG-7
Arctic Wolf,2,https://csgostash.com/family/Arctic+Wolf,"AUG, UMP-45"
Moonrise,2,https://csgostash.com/family/Moonrise,"UMP-45, Glock-18"
Cortex,1,https://csgostash.com/family/Cortex,USP-S
Stymphalian,1,https://csgostash.com/family/Stymphalian,AUG
Mortis,1,https://csgostash.com/family/Mortis,AWP
Shred,1,https://csgostash.com/family/Shred,Dual Berettas
Survivalist,1,https://csgostash.com/family/Survivalist,R8 Revolver
Amber Slipstream,1,https://csgostash.com/family/Amber+Slipstream,AUG
Snek-9,1,https://csgostash.com/family/Snek-9,Tec-9
Traction,1,https://csgostash.com/family/Traction,P90
Warhawk,1,https://csgostash.com/family/Warhawk,Glock-18
Toy Soldier,1,https://csgostash.com/family/Toy+Soldier,Nova
High Seas,1,https://csgostash.com/family/High+Seas,G3SG1
PAW,1,https://csgostash.com/family/PAW,AWP
Eye of Athena,1,https://csgostash.com/family/Eye+of+Athena,FAMAS
Devourer,1,https://csgostash.com/family/Devourer,Sawed-Off
Nightmare,1,https://csgostash.com/family/Nightmare,M4A1-S
Code Red,1,https://csgostash.com/family/Code+Red,Desert Eagle
Modest Threat,1,https://csgostash.com/family/Modest+Threat,MP9
Wood Fired,1,https://csgostash.com/family/Wood+Fired,Nova
Magnesium,1,https://csgostash.com/family/Magnesium,M4A4
Danger Close,1,https://csgostash.com/family/Danger+Close,SG 553
Scavenger,1,https://csgostash.com/family/Scavenger,G3SG1
Signal,1,https://csgostash.com/family/Signal,Galil AR
Pipe Down,1,https://csgostash.com/family/Pipe+Down,MAC-10
Nevermore,1,https://csgostash.com/family/Nevermore,P250
Momentum,2,https://csgostash.com/family/Momentum,"AUG, UMP-45"
Phosphor,1,https://csgostash.com/family/Phosphor,MP5-SD
Crypsis,1,https://csgostash.com/family/Crypsis,FAMAS
Uncharted,1,https://csgostash.com/family/Uncharted,AK-47
Whitefish,1,https://csgostash.com/family/Whitefish,MAC-10
Mischief,1,https://csgostash.com/family/Mischief,MP7
Verdigris,1,https://csgostash.com/family/Verdigris,P250
Atheris,1,https://csgostash.com/family/Atheris,AWP
Bamboozle,1,https://csgostash.com/family/Bamboozle,Tec-9
Light Rail,1,https://csgostash.com/family/Light+Rail,Desert Eagle
Gauss,1,https://csgostash.com/family/Gauss,MP5-SD
Skull Crusher,1,https://csgostash.com/family/Skull+Crusher,R8 Revolver
Incinegator,1,https://csgostash.com/family/Incinegator,XM1014
Angry Mob,1,https://csgostash.com/family/Angry+Mob,Five-SeveN
The Emperor,1,https://csgostash.com/family/The+Emperor,M4A4
Flash Out,1,https://csgostash.com/family/Flash+Out,Tec-9
Assault,1,https://csgostash.com/family/Assault,SCAR-20
Elite 1.6,1,https://csgostash.com/family/Elite+1.6,Dual Berettas
Popdog,1,https://csgostash.com/family/Popdog,MAG-7
Classic Crate,1,https://csgostash.com/family/Classic+Crate,MAC-10
Decommissioned,1,https://csgostash.com/family/Decommissioned,FAMAS
Sacrifice,1,https://csgostash.com/family/Sacrifice,Glock-18
Aztec,1,https://csgostash.com/family/Aztec,M249
Buddy,1,https://csgostash.com/family/Buddy,Five-SeveN
Plastique,1,https://csgostash.com/family/Plastique,UMP-45
Inferno,1,https://csgostash.com/family/Inferno,P250
Agent,1,https://csgostash.com/family/Agent,MP5-SD
Nostalgia,1,https://csgostash.com/family/Nostalgia,P90
Death by Puppy,1,https://csgostash.com/family/Death+by+Puppy,AUG
Hydra,1,https://csgostash.com/family/Hydra,MP9
Commemoration,1,https://csgostash.com/family/Commemoration,FAMAS
Wildfire,1,https://csgostash.com/family/Wildfire,AWP
Plume,1,https://csgostash.com/family/Plume,Nova
Warbird,1,https://csgostash.com/family/Warbird,M249
Torn,1,https://csgostash.com/family/Torn,SCAR-20
Acid Wash,1,https://csgostash.com/family/Acid+Wash,MP5-SD
Balance,1,https://csgostash.com/family/Balance,Dual Berettas
Embargo,1,https://csgostash.com/family/Embargo,PP-Bizon
Obsidian,1,https://csgostash.com/family/Obsidian,P2000
Neon Ply,1,https://csgostash.com/family/Neon+Ply,MP7
Rat Rod,1,https://csgostash.com/family/Rat+Rod,AK-47
Bloodshot,1,https://csgostash.com/family/Bloodshot,SSG 08
Colony IV,1,https://csgostash.com/family/Colony+IV,SG 553
Stalker,1,https://csgostash.com/family/Stalker,MAC-10
Containment Breach,1,https://csgostash.com/family/Containment+Breach,AWP
Distressed,1,https://csgostash.com/family/Distressed,CZ75-Auto
Prototype,1,https://csgostash.com/family/Prototype,Negev
Bone Forged,1,https://csgostash.com/family/Bone+Forged,R8 Revolver
Desert Strike,1,https://csgostash.com/family/Desert+Strike,MP5-SD
Tom Cat,1,https://csgostash.com/family/Tom+Cat,AUG
Blue Ply,1,https://csgostash.com/family/Blue+Ply,Desert Eagle
Acid Etched,1,https://csgostash.com/family/Acid+Etched,P2000
Enforcer,1,https://csgostash.com/family/Enforcer,SCAR-20
Apocalypto,1,https://csgostash.com/family/Apocalypto,Sawed-Off
Darkwing,1,https://csgostash.com/family/Darkwing,SG 553
Justice,1,https://csgostash.com/family/Justice,MAG-7
Disco Tech,1,https://csgostash.com/family/Disco+Tech,MAC-10
Phantom Disruptor,1,https://csgostash.com/family/Phantom+Disruptor,AK-47
Player Two,1,https://csgostash.com/family/Player+Two,M4A1-S
Bullet Queen,1,https://csgostash.com/family/Bullet+Queen,Glock-18
Ol' Rusty,1,https://csgostash.com/family/Ol'+Rusty,SG 553
Ultralight,1,https://csgostash.com/family/Ultralight,Negev
Gnarled,1,https://csgostash.com/family/Gnarled,P2000
Cassette,1,https://csgostash.com/family/Cassette,P250
Freight,1,https://csgostash.com/family/Freight,P90
Runic,1,https://csgostash.com/family/Runic,PP-Bizon
Mainframe 001,1,https://csgostash.com/family/Mainframe+001,SSG 08
Monster Call,1,https://csgostash.com/family/Monster+Call,MAG-7
Brother,1,https://csgostash.com/family/Brother,Tec-9
Connexion,1,https://csgostash.com/family/Connexion,Galil AR
Kitbash,1,https://csgostash.com/family/Kitbash,MP5-SD
Allure,1,https://csgostash.com/family/Allure,MAC-10
Entombed,1,https://csgostash.com/family/Entombed,XM1014
Vogue,1,https://csgostash.com/family/Vogue,Glock-18
Tooth Fairy,1,https://csgostash.com/family/Tooth+Fairy,M4A4
Legion of Anubis,1,https://csgostash.com/family/Legion+of+Anubis,AK-47
Printstream,3,https://csgostash.com/family/Printstream,"USP-S, M4A1-S, Desert Eagle"
Digital Mesh,1,https://csgostash.com/family/Digital+Mesh,G3SG1
Deep Relief,1,https://csgostash.com/family/Deep+Relief,M249
Contaminant,1,https://csgostash.com/family/Contaminant,P250
Vendetta,1,https://csgostash.com/family/Vendetta,CZ75-Auto
Cocoa Rampage,1,https://csgostash.com/family/Cocoa+Rampage,P90
Vandal,1,https://csgostash.com/family/Vandal,Galil AR
Condition Zero,1,https://csgostash.com/family/Condition+Zero,MP5-SD
Gold Bismuth,1,https://csgostash.com/family/Gold+Bismuth,UMP-45
Dezastre,1,https://csgostash.com/family/Dezastre,Dual Berettas
Clear Polymer,2,https://csgostash.com/family/Clear+Polymer,"Nova, Glock-18"
Parallax,1,https://csgostash.com/family/Parallax,SSG 08
Exoskeleton,1,https://csgostash.com/family/Exoskeleton,AWP
Fairy Tale,1,https://csgostash.com/family/Fairy+Tale,Five-SeveN
Monster Mashup,1,https://csgostash.com/family/Monster+Mashup,USP-S
Cyber Security,1,https://csgostash.com/family/Cyber+Security,M4A4
Oscillator,1,https://csgostash.com/family/Oscillator,UMP-45
Windblown,1,https://csgostash.com/family/Windblown,Nova
O.S.I.P.R.,1,https://csgostash.com/family/O.S.I.P.R.,M249
Circaetus,1,https://csgostash.com/family/Circaetus,CZ75-Auto
Junk Yard,1,https://csgostash.com/family/Junk+Yard,R8 Revolver
Heavy Metal,1,https://csgostash.com/family/Heavy+Metal,SG 553
dev_texture,1,https://csgostash.com/family/dev_texture,Negev
Button Masher,1,https://csgostash.com/family/Button+Masher,MAC-10
Cyber Shell,1,https://csgostash.com/family/Cyber+Shell,P250
Trigger Discipline,1,https://csgostash.com/family/Trigger+Discipline,Desert Eagle
Slate,1,https://csgostash.com/family/Slate,AK-47
XOXO,1,https://csgostash.com/family/XOXO,XM1014
Chromatic Aberration,2,https://csgostash.com/family/Chromatic+Aberration,"AWP, Galil AR"
Food Chain,1,https://csgostash.com/family/Food+Chain,MP9
In Living Color,1,https://csgostash.com/family/In+Living+Color,M4A4
The Traitor,1,https://csgostash.com/family/The+Traitor,USP-S
Plague,1,https://csgostash.com/family/Plague,AUG
Tread,1,https://csgostash.com/family/Tread,Dual Berettas
Keeping Tabs,1,https://csgostash.com/family/Keeping+Tabs,G3SG1
Guerrilla,1,https://csgostash.com/family/Guerrilla,MP7
Lumen,1,https://csgostash.com/family/Lumen,PP-Bizon
Black Lotus,1,https://csgostash.com/family/Black+Lotus,USP-S
Watchdog,1,https://csgostash.com/family/Watchdog,XM1014
BI83 Spectrum,1,https://csgostash.com/family/BI83+Spectrum,MAG-7
ZX Spectron,1,https://csgostash.com/family/ZX+Spectron,FAMAS
Boost Protocol,1,https://csgostash.com/family/Boost+Protocol,Five-SeveN
Mount Fuji,1,https://csgostash.com/family/Mount+Fuji,MP9
Spider Lily,1,https://csgostash.com/family/Spider+Lily,M4A4
Toybox,1,https://csgostash.com/family/Toybox,MAC-10
Snack Attack,1,https://csgostash.com/family/Snack+Attack,Glock-18
Turbo Peek,1,https://csgostash.com/family/Turbo+Peek,SSG 08
Leet Museo,1,https://csgostash.com/family/Leet+Museo,AK-47
Ocean Drive,1,https://csgostash.com/family/Ocean+Drive,Desert Eagle
Scrawl,1,https://csgostash.com/family/Scrawl,Five-SeveN
Ensnared,1,https://csgostash.com/family/Ensnared,MAC-10
Foresight,1,https://csgostash.com/family/Foresight,MAG-7
Necro Jr.,1,https://csgostash.com/family/Necro+Jr.,MP5-SD
Lifted Spirits,1,https://csgostash.com/family/Lifted+Spirits,P2000
Poultrygeist,1,https://csgostash.com/family/Poultrygeist,SCAR-20
Spirit Board,1,https://csgostash.com/family/Spirit+Board,Sawed-Off
Space Cat,1,https://csgostash.com/family/Space+Cat,PP-Bizon
Dream Glade,1,https://csgostash.com/family/Dream+Glade,G3SG1
Night Terror,1,https://csgostash.com/family/Night+Terror,M4A1-S
Zombie Offensive,1,https://csgostash.com/family/Zombie+Offensive,XM1014
Ticket to Hell,1,https://csgostash.com/family/Ticket+to+Hell,USP-S
Melondrama,1,https://csgostash.com/family/Melondrama,Dual Berettas
Rapid Eye Movement,1,https://csgostash.com/family/Rapid+Eye+Movement,FAMAS
Abyssal Apparition,1,https://csgostash.com/family/Abyssal+Apparition,MP7
Nightwish,1,https://csgostash.com/family/Nightwish,AK-47
Starlight Protector,1,https://csgostash.com/family/Starlight+Protector,MP9
Drop Me,1,https://csgostash.com/family/Drop+Me,Negev
Destroyer,1,https://csgostash.com/family/Destroyer,Galil AR
Roadblock,1,https://csgostash.com/family/Roadblock,UMP-45
Monkeyflage,1,https://csgostash.com/family/Monkeyflage,MAC-10
Meow 36,1,https://csgostash.com/family/Meow+36,FAMAS
Winterized,1,https://csgostash.com/family/Winterized,Glock-18
Poly Mag,1,https://csgostash.com/family/Poly+Mag,M4A4
Downtown,1,https://csgostash.com/family/Downtown,M249
Vent Rush,1,https://csgostash.com/family/Vent+Rush,P90
Flora Carnivora,1,https://csgostash.com/family/Flora+Carnivora,Dual Berettas
Dragon Tech,1,https://csgostash.com/family/Dragon+Tech,SG 553
Crazy 8,1,https://csgostash.com/family/Crazy+8,R8 Revolver
Visions,1,https://csgostash.com/family/Visions,P250
Kiss♥Love,1,https://csgostash.com/family/Kiss%E2%99%A5Love,Sawed-Off
Ice Coaled,1,https://csgostash.com/family/Ice+Coaled,AK-47
Featherweight,1,https://csgostash.com/family/Featherweight,MP9
Insomnia,1,https://csgostash.com/family/Insomnia,MAG-7
Fragments,1,https://csgostash.com/family/Fragments,SCAR-20
Re.built,1,https://csgostash.com/family/Re.built,P250
Liquidation,1,https://csgostash.com/family/Liquidation,MP5-SD
Cyberforce,1,https://csgostash.com/family/Cyberforce,SG 553
Rebel,1,https://csgostash.com/family/Rebel,Tec-9
Emphorosaur-S,1,https://csgostash.com/family/Emphorosaur-S,M4A1-S
Umbral Rabbit,1,https://csgostash.com/family/Umbral+Rabbit,Glock-18
Sakkaku,1,https://csgostash.com/family/Sakkaku,MAC-10
Banana Cannon,1,https://csgostash.com/family/Banana+Cannon,R8 Revolver
Neoqueen,1,https://csgostash.com/family/Neoqueen,P90
Duality,1,https://csgostash.com/family/Duality,AWP
Wild Child,1,https://csgostash.com/family/Wild+Child,UMP-45
Wicked Sick,1,https://csgostash.com/family/Wicked+Sick,P2000
Head Shot,1,https://csgostash.com/family/Head+Shot,AK-47
Temukau,1,https://csgostash.com/family/Temukau,M4A4
